Workbook

Sheet 설명
A1: 과제 활용 데이터 (더미)
A3: 과제 조건 | B3: AI로 생성한 '직급별 업무 시간 할당량' 또는 '가장 하기 싫은 업무 설문조사' 더미 데이터
A4: 이 파일 | B4: 두 데이터를 모두 담았다. 모든 값은 시연용 더미이며 실제 회사 자료가 아니다.
A5: 생성 방법 | B5: AI(Claude)가 작성한 생성기(seedgen)가 정한 가정과 고정 시드로 만든다. 같은 시드면 같은 값이 나온다.
A6: 시드 | B6: 20261112
A7: 기준 시점(시연 시계) | B7: 2026-11-12T10:00:00
A8: 다시 만들기 | B8: uv run approval-seed build → seed/과제_활용데이터.xlsx
A10: 시트 | B10: 내용
A11: 직급별_업무시간_할당량 | B11: 직급군 × 업무 범주(전결 처리는 6단계로 나눔)의 주당 시간. 합계·비중은 수식
A12: 설문_문항 | B12: 설문 문항과 선택지 정의
A13: 설문_응답 | B13: 응답 120건 원자료 (부서, 직급군, 1~3순위, 주당 전결 처리 시간, 이유)
A14: 설문_집계 | B14: 선택지별 1·2·3순위 수와 가중 점수(1순위 3점, 2순위 2점, 3순위 1점), 순위, 직급군별 1순위 교차표 (모두 수식)
A16: 업무 범주 | B16: 본업 · 회의 · 전결 처리 · 기타 사무 (설계서 8.2)
A17: 전결 처리 6단계 | B17: 처리 파악 · 증빙 준비 · 문서 작성 · 반려 후 재작성 · 진행 확인·문의 · 결재 검토 (설계서 1.2)
A18: 처리 파악 | B18: 어떤 결재를 올려야 하는지, 양식·전결권자가 무엇인지 찾는 시간
A19: 증빙 준비 | B19: 영수증 정리·옮겨 적기, 합계 대조, 중복·한도 확인
A20: 문서 작성 | B20: 양식 항목 채우기, 메모 내용 옮기기
... A23: 결재 검토 | B23: 결재자가 대기 결재를 고르고 문서마다 규정·증빙을 확인하는 시간
A25: 가정 (생성기에 적힌 값)
A26: 할당량 | B26: 직급군별 기본값에 ±5% 잡음. 주당 약 40시간. 결재 검토 시간은 팀장 이상에서 크게 두었다.
A27: 설문 | B27: 직급군별 선택 가중치를 다르게 둔 무작위 응답. 결재 검토는 팀장 이상에서 자주 고르도록 했다.
A28: 주의 | B28: 특정 결론(예: 하루 1시간 절감)에 맞추려고 값을 고치지 않았다. 실제 비중은 파일럿에서 측정한다.
A29: 표기 | B29: 파란 글자 = 생성된 입력값(더미), 검은 글자 = 수식

Sheet 직급별_업무시간_할당량
A1: 직급별 업무 시간 할당량 (주당 시간, 더미)
A2: 파란 글자는 생성된 입력값, 검은 글자는 수식. 단위: 시간/주
A4: 업무 범주 | B4: 세부 단계 | C4: 사원 | D4: 선임 | E4: 책임 | F4: 수석 | G4: 팀장 이상
A5: 본업 | B5: — | C5: 25.3 | D5: 24.9 | E5: 22.9 | F5: 21.3 | G5: 13.9
A6: 회의 | B6: — | C6: 4.1 | D6: 5.2 | E6: 5.9 | F6: 7.7 | G6: 10.5
A7: 기타 사무 | B7: — | C7: 3.9 | D7: 3.9 | E7: 4.1 | F7: 4.1 | G7: 5.1
A8: 전결 처리 | B8: 처리 파악 | C8: 1.2 | D8: 1.1 | E8: 1 | F8: 0.8 | G8: 0.8
A9: 전결 처리 | B9: 증빙 준비 | C9: 1.7 | D9: 1.6 | E9: 1.4 | F9: 1.1 | G9: 0.9
A10: 전결 처리 | B10: 문서 작성 | C10: 1.5 | D10: 1.7 | E10: 1.7 | F10: 1.7 | G10: 1.4
A11: 전결 처리 | B11: 반려 후 재작성 | C11: 0.9 | D11: 0.8 | E11: 0.7 | F11: 0.6 | G11: 0.4
A12: 전결 처리 | B12: 진행 확인·문의 | C12: 0.6 | D12: 0.6 | E12: 0.7 | F12: 0.7 | G12: 0.8
A13: 전결 처리 | B13: 결재 검토 | C13: 0 | D13: 0 | E13: 0.3 | F13: 0.6 | G13: 4
A14: 합계 (주당) | C14: =SUM(C5:C13) | D14: =SUM(D5:D13) | E14: =SUM(E5:E13) | F14: =SUM(F5:F13) | G14: =SUM(G5:G13)
A15: 전결 처리 소계 | C15: =SUM(C8:C13) | D15: =SUM(D8:D13) | E15: =SUM(E8:E13) | F15: =SUM(F8:F13) | G15: =SUM(G8:G13)
A16: 전결 처리 비중 | C16: =IF(C14=0,0,C15/C14) | D16: =IF(D14=0,0,D15/D14) | E16: =IF(E14=0,0,E15/E14) | F16: =IF(F14=0,0,F15/F14) | G16: =IF(G14=0,0,G15/G14)
A18: 업무별 비중 (각 칸 ÷ 직급군 합계)
A19: 업무 범주 | B19: 세부 단계 | C19: 사원 | D19: 선임 | E19: 책임 | F19: 수석 | G19: 팀장 이상
A20: =A5 | B20: =B5 | C20: =IF(C$14=0,0,C5/C$14) | D20: =IF(D$14=0,0,D5/D$14) | E20: =IF(E$14=0,0,E5/E$14) | F20: =IF(F$14=0,0,F5/F$14) | G20: =IF(G$14=0,0,G5/G$14)
A21: =A6 | B21: =B6 | C21: =IF(C$14=0,0,C6/C$14) | D21: =IF(D$14=0,0,D6/D$14) | E21: =IF(E$14=0,0,E6/E$14) | F21: =IF(F$14=0,0,F6/F$14) | G21: =IF(G$14=0,0,G6/G$14)
A22: =A7 | B22: =B7 | C22: =IF(C$14=0,0,C7/C$14) | D22: =IF(D$14=0,0,D7/D$14) | E22: =IF(E$14=0,0,E7/E$14) | F22: =IF(F$14=0,0,F7/F$14) | G22: =IF(G$14=0,0,G7/G$14)
A23: =A8 | B23: =B8 | C23: =IF(C$14=0,0,C8/C$14) | D23: =IF(D$14=0,0,D8/D$14) | E23: =IF(E$14=0,0,E8/E$14) | F23: =IF(F$14=0,0,F8/F$14) | G23: =IF(G$14=0,0,G8/G$14)
A24: =A9 | B24: =B9 | C24: =IF(C$14=0,0,C9/C$14) | D24: =IF(D$14=0,0,D9/D$14) | E24: =IF(E$14=0,0,E9/E$14) | F24: =IF(F$14=0,0,F9/F$14) | G24: =IF(G$14=0,0,G9/G$14)
A25: =A10 | B25: =B10 | C25: =IF(C$14=0,0,C10/C$14) | D25: =IF(D$14=0,0,D10/D$14) | E25: =IF(E$14=0,0,E10/E$14) | F25: =IF(F$14=0,0,F10/F$14) | G25: =IF(G$14=0,0,G10/G$14)
A26: =A11 | B26: =B11 | C26: =IF(C$14=0,0,C11/C$14) | D26: =IF(D$14=0,0,D11/D$14) | E26: =IF(E$14=0,0,E11/E$14) | F26: =IF(F$14=0,0,F11/F$14) | G26: =IF(G$14=0,0,G11/G$14)
A27: =A12 | B27: =B12 | C27: =IF(C$14=0,0,C12/C$14) | D27: =IF(D$14=0,0,D12/D$14) | E27: =IF(E$14=0,0,E12/E$14) | F27: =IF(F$14=0,0,F12/F$14) | G27: =IF(G$14=0,0,G12/G$14)
A28: =A13 | B28: =B13 | C28: =IF(C$14=0,0,C13/C$14) | D28: =IF(D$14=0,0,D13/D$14) | E28: =IF(E$14=0,0,E13/E$14) | F28: =IF(F$14=0,0,F13/F$14) | G28: =IF(G$14=0,0,G13/G$14)

Sheet 설문_문항
A1: 가장 하기 싫은 업무 설문 (문항, 더미)
A3: 문항 | B3: 질문 | C3: 응답 형식 | D3: 선택지
A4: Q0 | B4: 소속 부서와 직급군 | C4: 선택 | D4: 부서: 연구1팀, 연구2팀, 시험평가팀, 경영지원팀 / 직급군: 사원, 선임, 책임, 수석, 팀장 이상
A5: Q1 | B5: 결재·전결 업무 가운데 가장 하기 싫은 일 (1순위) | C5: 단일 선택 | D5: 처리 파악, 증빙 준비, 문서 작성, 반려 후 재작성, 진행 확인·문의, 결재 검토, 기타 사무
A6: Q2 | B6: 두 번째로 하기 싫은 일 (2순위) | C6: 단일 선택 (Q1과 다른 것) | D6: 처리 파악, 증빙 준비, 문서 작성, 반려 후 재작성, 진행 확인·문의, 결재 검토, 기타 사무
A7: Q3 | B7: 세 번째로 하기 싫은 일 (3순위) | C7: 단일 선택 (Q1·Q2와 다른 것) | D7: 처리 파악, 증빙 준비, 문서 작성, 반려 후 재작성, 진행 확인·문의, 결재 검토, 기타 사무
A8: Q4 | B8: 결재·전결 처리에 쓰는 주당 시간 (자가 응답) | C8: 숫자 (시간) | D8: —
A9: Q5 | B9: 1순위 업무가 싫은 이유 | C9: 자유 응답 | D9: —
A11: 선택지 설명
A12: 선택지 | B12: 뜻
A13: 처리 파악 | B13: 어떤 결재를 올려야 하는지, 양식·전결권자가 무엇인지 찾는 시간
A14: 증빙 준비 | B14: 영수증 정리·옮겨 적기, 합계 대조, 중복·한도 확인
A15: 문서 작성 | B15: 양식 항목 채우기, 메모 내용 옮기기
A16: 반려 후 재작성 | B16: 누락·한도 초과·증빙 문제로 반려되어 다시 쓰는 시간
A17: 진행 확인·문의 | B17: 결재가 어디까지 갔는지 확인하고 결재자에게 묻는 시간
A18: 결재 검토 | B18: 결재자가 대기 결재를 고르고 문서마다 규정·증빙을 확인하는 시간
A19: 기타 사무 | B19: 결재와 무관한 기타 사무(자료 정리, 일정 조율 등)

Sheet 설문_응답
A1: 응답 ID | B1: 부서 | C1: 직급군 | D1: 1순위 (Q1) | E1: 2순위 (Q2) | F1: 3순위 (Q3) | G1: 주당 전결 처리 시간 (Q4) | H1: 1순위 이유 (Q5)
A2: S001 | B2: 연구1팀 | C2: 팀장 이상 | D2: 기타 사무 | E2: 결재 검토 | F2: 문서 작성 | G2: 9.9 | H2: 일정 조율
A3: S002 | B3: 연구2팀 | C3: 사원 | D3: 진행 확인·문의 | E3: 증빙 준비 | F3: 처리 파악 | G3: 7.7 | H3: 결재자에게 따로 물어봐야 함
A4: S003 | B4: 연구1팀 | C4: 선임 | D4: 문서 작성 | E4: 반려 후 재작성 | F4: 처리 파악 | G4: 6.6 | H4: 양식 항목이 많음
A5: S004 | B5: 연구2팀 | C5: 책임 | D5: 진행 확인·문의 | E5: 증빙 준비 | F5: 문서 작성 | G5: 5.5 | H5: 결재자에게 따로 물어봐야 함
A6: S005 | B6: 경영지원팀 | C6: 선임 | D6: 증빙 준비 | E6: 반려 후 재작성 | F6: 문서 작성 | G6: 9 | H6: 합계 맞추기가 번거로움
A7: S006 | B7: 연구2팀 | C7: 사원 | D7: 증빙 준비 | E7: 반려 후 재작성 | F7: 문서 작성 | G7: 6.9 | H7: 영수증 분실·흐림
A8: S007 | B8: 연구2팀 | C8: 팀장 이상 | D8: 반려 후 재작성 | E8: 결재 검토 | F8: 문서 작성 | G8: 9.3 | H8: 사소한 누락으로 반려됨
A9: S008 | B9: 경영지원팀 | C9: 팀장 이상 | D9: 결재 검토 | E9: 반려 후 재작성 | F9: 문서 작성 | G9: 7.2 | H9: 결재가 한꺼번에 몰림
A10: S009 | B10: 경영지원팀 | C10: 책임 | D10: 결재 검토 | E10: 반려 후 재작성 | F10: 처리 파악 | G10: 7 | H10: 결재가 한꺼번에 몰림
A11: S010 | B11: 연구2팀 | C11: 책임 | D11: 증빙 준비 | E11: 반려 후 재작성 | F11: 처리 파악 | G11: 8.3 | H11: 영수증 하나하나 옮겨 적기
A12: S011 | B12: 경영지원팀 | C12: 사원 | D12: 반려 후 재작성 | E12: 처리 파악 | F12: 문서 작성 | G12: 5.7 | H12: 사소한 누락으로 반려됨
A13: S012 | B13: 연구2팀 | C13: 책임 | D13: 반려 후 재작성 | E13: 문서 작성 | F13: 처리 파악 | G13: 7.3 | H13: 사소한 누락으로 반려됨
... A121: S120 | B121: 시험평가팀 | C121: 책임 | D121: 반려 후 재작성 | E121: 결재 검토 | F121: 문서 작성 | G121: 6.9 | H121: 반려 사유를 늦게 알게 됨

Sheet 설문_집계
A1: 가장 하기 싫은 업무 설문 집계 (수식)
A2: 가중 점수 = 1순위 × 3 + 2순위 × 2 + 3순위 × 1. 응답을 고치면 다시 계산된다.
A3: 응답 수 | B3: =COUNTA(설문_응답!$A$2:$A$121)
A5: 선택지 | B5: 1순위 수 | C5: 2순위 수 | D5: 3순위 수 | E5: 가중 점수 | F5: 순위 | G5: 1순위 비율
A6: 처리 파악 | B6: =COUNTIF(설문_응답!$D$2:$D$121,$A6) | C6: =COUNTIF(설문_응답!$E$2:$E$121,$A6) | D6: =COUNTIF(설문_응답!$F$2:$F$121,$A6) | E6: =B6*3+C6*2+D6 | F6: =RANK(E6,$E$6:$E$12) | G6: =IF($B$3=0,0,B6/$B$3)
A7: 증빙 준비 | B7: =COUNTIF(설문_응답!$D$2:$D$121,$A7) | C7: =COUNTIF(설문_응답!$E$2:$E$121,$A7) | D7: =COUNTIF(설문_응답!$F$2:$F$121,$A7) | E7: =B7*3+C7*2+D7 | F7: =RANK(E7,$E$6:$E$12) | G7: =IF($B$3=0,0,B7/$B$3)
A8: 문서 작성 | B8: =COUNTIF(설문_응답!$D$2:$D$121,$A8) | C8: =COUNTIF(설문_응답!$E$2:$E$121,$A8) | D8: =COUNTIF(설문_응답!$F$2:$F$121,$A8) | E8: =B8*3+C8*2+D8 | F8: =RANK(E8,$E$6:$E$12) | G8: =IF($B$3=0,0,B8/$B$3)
A9: 반려 후 재작성 | B9: =COUNTIF(설문_응답!$D$2:$D$121,$A9) | C9: =COUNTIF(설문_응답!$E$2:$E$121,$A9) | D9: =COUNTIF(설문_응답!$F$2:$F$121,$A9) | E9: =B9*3+C9*2+D9 | F9: =RANK(E9,$E$6:$E$12) | G9: =IF($B$3=0,0,B9/$B$3)
A10: 진행 확인·문의 | B10: =COUNTIF(설문_응답!$D$2:$D$121,$A10) | C10: =COUNTIF(설문_응답!$E$2:$E$121,$A10) | D10: =COUNTIF(설문_응답!$F$2:$F$121,$A10) | E10: =B10*3+C10*2+D10 | F10: =RANK(E10,$E$6:$E$12) | G10: =IF($B$3=0,0,B10/$B$3)
A11: 결재 검토 | B11: =COUNTIF(설문_응답!$D$2:$D$121,$A11) | C11: =COUNTIF(설문_응답!$E$2:$E$121,$A11) | D11: =COUNTIF(설문_응답!$F$2:$F$121,$A11) | E11: =B11*3+C11*2+D11 | F11: =RANK(E11,$E$6:$E$12) | G11: =IF($B$3=0,0,B11/$B$3)
A12: 기타 사무 | B12: =COUNTIF(설문_응답!$D$2:$D$121,$A12) | C12: =COUNTIF(설문_응답!$E$2:$E$121,$A12) | D12: =COUNTIF(설문_응답!$F$2:$F$121,$A12) | E12: =B12*3+C12*2+D12 | F12: =RANK(E12,$E$6:$E$12) | G12: =IF($B$3=0,0,B12/$B$3)
A14: 직급군별 1순위 응답 수
A15: 선택지 | B15: 사원 | C15: 선임 | D15: 책임 | E15: 수석 | F15: 팀장 이상
A16: 처리 파악 | B16: =COUNTIFS(설문_응답!$D$2:$D$121,$A16,설문_응답!$C$2:$C$121,B$15) | C16: =COUNTIFS(설문_응답!$D$2:$D$121,$A16,설문_응답!$C$2:$C$121,C$15) | D16: =COUNTIFS(설문_응답!$D$2:$D$121,$A16,설문_응답!$C$2:$C$121,D$15) | E16: =COUNTIFS(설문_응답!$D$2:$D$121,$A16,설문_응답!$C$2:$C$121,E$15) | F16: =COUNTIFS(설문_응답!$D$2:$D$121,$A16,설문_응답!$C$2:$C$121,F$15)
A17: 증빙 준비 | B17: =COUNTIFS(설문_응답!$D$2:$D$121,$A17,설문_응답!$C$2:$C$121,B$15) | C17: =COUNTIFS(설문_응답!$D$2:$D$121,$A17,설문_응답!$C$2:$C$121,C$15) | D17: =COUNTIFS(설문_응답!$D$2:$D$121,$A17,설문_응답!$C$2:$C$121,D$15) | E17: =COUNTIFS(설문_응답!$D$2:$D$121,$A17,설문_응답!$C$2:$C$121,E$15) | F17: =COUNTIFS(설문_응답!$D$2:$D$121,$A17,설문_응답!$C$2:$C$121,F$15)
A18: 문서 작성 | B18: =COUNTIFS(설문_응답!$D$2:$D$121,$A18,설문_응답!$C$2:$C$121,B$15) | C18: =COUNTIFS(설문_응답!$D$2:$D$121,$A18,설문_응답!$C$2:$C$121,C$15) | D18: =COUNTIFS(설문_응답!$D$2:$D$121,$A18,설문_응답!$C$2:$C$121,D$15) | E18: =COUNTIFS(설문_응답!$D$2:$D$121,$A18,설문_응답!$C$2:$C$121,E$15) | F18: =COUNTIFS(설문_응답!$D$2:$D$121,$A18,설문_응답!$C$2:$C$121,F$15)
A19: 반려 후 재작성 | B19: =COUNTIFS(설문_응답!$D$2:$D$121,$A19,설문_응답!$C$2:$C$121,B$15) | C19: =COUNTIFS(설문_응답!$D$2:$D$121,$A19,설문_응답!$C$2:$C$121,C$15) | D19: =COUNTIFS(설문_응답!$D$2:$D$121,$A19,설문_응답!$C$2:$C$121,D$15) | E19: =COUNTIFS(설문_응답!$D$2:$D$121,$A19,설문_응답!$C$2:$C$121,E$15) | F19: =COUNTIFS(설문_응답!$D$2:$D$121,$A19,설문_응답!$C$2:$C$121,F$15)
A20: 진행 확인·문의 | B20: =COUNTIFS(설문_응답!$D$2:$D$121,$A20,설문_응답!$C$2:$C$121,B$15) | C20: =COUNTIFS(설문_응답!$D$2:$D$121,$A20,설문_응답!$C$2:$C$121,C$15) | D20: =COUNTIFS(설문_응답!$D$2:$D$121,$A20,설문_응답!$C$2:$C$121,D$15) | E20: =COUNTIFS(설문_응답!$D$2:$D$121,$A20,설문_응답!$C$2:$C$121,E$15) | F20: =COUNTIFS(설문_응답!$D$2:$D$121,$A20,설문_응답!$C$2:$C$121,F$15)
A21: 결재 검토 | B21: =COUNTIFS(설문_응답!$D$2:$D$121,$A21,설문_응답!$C$2:$C$121,B$15) | C21: =COUNTIFS(설문_응답!$D$2:$D$121,$A21,설문_응답!$C$2:$C$121,C$15) | D21: =COUNTIFS(설문_응답!$D$2:$D$121,$A21,설문_응답!$C$2:$C$121,D$15) | E21: =COUNTIFS(설문_응답!$D$2:$D$121,$A21,설문_응답!$C$2:$C$121,E$15) | F21: =COUNTIFS(설문_응답!$D$2:$D$121,$A21,설문_응답!$C$2:$C$121,F$15)
A22: 기타 사무 | B22: =COUNTIFS(설문_응답!$D$2:$D$121,$A22,설문_응답!$C$2:$C$121,B$15) | C22: =COUNTIFS(설문_응답!$D$2:$D$121,$A22,설문_응답!$C$2:$C$121,C$15) | D22: =COUNTIFS(설문_응답!$D$2:$D$121,$A22,설문_응답!$C$2:$C$121,D$15) | E22: =COUNTIFS(설문_응답!$D$2:$D$121,$A22,설문_응답!$C$2:$C$121,E$15) | F22: =COUNTIFS(설문_응답!$D$2:$D$121,$A22,설문_응답!$C$2:$C$121,F$15)
A23: 응답 수 | B23: =SUM(B16:B22) | C23: =SUM(C16:C22) | D23: =SUM(D16:D22) | E23: =SUM(E16:E22) | F23: =SUM(F16:F22)
A24: 평균 주당 전결 처리 시간 | B24: =IFERROR(AVERAGEIF(설문_응답!$C$2:$C$121,B$15,설문_응답!$G$2:$G$121),0) | C24: =IFERROR(AVERAGEIF(설문_응답!$C$2:$C$121,C$15,설문_응답!$G$2:$G$121),0) | D24: =IFERROR(AVERAGEIF(설문_응답!$C$2:$C$121,D$15,설문_응답!$G$2:$G$121),0) | E24: =IFERROR(AVERAGEIF(설문_응답!$C$2:$C$121,E$15,설문_응답!$G$2:$G$121),0) | F24: =IFERROR(AVERAGEIF(설문_응답!$C$2:$C$121,F$15,설문_응답!$G$2:$G$121),0)
